<application>
  <component name="DimensionService">
    <size key="GridCell.Tab.0.left.0.0.1920.1080" width="1838" height="297" />
    <size key="GridCell.Tab.0.center.0.0.1920.1080" width="1838" height="297" />
    <size key="GridCell.Tab.0.right.0.0.1920.1080" width="1838" height="297" />
    <size key="GridCell.Tab.0.bottom.0.0.1920.1080" width="1838" height="297" />
  </component>
  <component name="WindowManager">
    <frame x="-8" y="-8" width="1936" height="1048" extendedState="6" />
  </component>
  <component name="WindowStateApplicationService">
    <state x="740" y="199" key="FileChooserDialogImpl" timestamp="1734081759877">
      <screen x="0" y="0" width="1920" height="1032" />
    </state>
    <state x="740" y="199" key="FileChooserDialogImpl/0.0.1920.1032/1920.-78.1920.1032" timestamp="1734081759877" />
    <state width="580" height="127" key="ShowUsagesActions.dimensionServiceKey" timestamp="1734251624012">
      <screen x="0" y="0" width="1920" height="1032" />
    </state>
    <state width="580" height="127" key="ShowUsagesActions.dimensionServiceKey/0.0.1920.1032/1920.-78.1920.1032" timestamp="1734251624012" />
  </component>
</application>